dyad,F0_MAX_synchrony,F0_MAX_convergence,F0_MAX_proximity,F0_MIN_synchrony,F0_MIN_convergence,F0_MIN_proximity,F0_MEAN_synchrony,F0_MEAN_convergence,F0_MEAN_proximity,F0_MEDIAN_synchrony,F0_MEDIAN_convergence,F0_MEDIAN_proximity,F0_STDV_synchrony,F0_STDV_convergence,F0_STDV_proximity,F0_MAS_synchrony,F0_MAS_convergence,F0_MAS_proximity,ENG_MAX_synchrony,ENG_MAX_convergence,ENG_MAX_proximity,ENG_MIN_synchrony,ENG_MIN_convergence,ENG_MIN_proximity,ENG_MEAN_synchrony,ENG_MEAN_convergence,ENG_MEAN_proximity,ENG_STDV_synchrony,ENG_STDV_convergence,ENG_STDV_proximity,VCD2TOT_FRAMES_synchrony,VCD2TOT_FRAMES_convergence,VCD2TOT_FRAMES_proximity,speech_rate_synchrony,speech_rate_convergence,speech_rate_proximity
146,0.1779995288336407,-0.7285679662248618,-67.07513944574885,0.3540740089895327,0.041640550685061735,-0.6909630164749956,0.2863286254916687,-0.7012948131139488,-36.38654879798531,0.2633854692860362,-0.6406936475597678,-36.404902700018056,0.1820034161697463,-0.7044019853298922,-12.67656449039793,-0.3570680380952533,-0.5556638960487817,-111.45520868199782,-0.38608621641246404,-0.16315120050114576,-0.4392352808379911,-0.3370848102895836,-0.23834480982897985,-3.9315020016856295,-0.2936381312890093,0.08978091930264856,-1.7080023277747642,0.4749051709504772,-0.23013402435902183,-0.8409205195352474,-0.19184824059974262,-0.2761554118770868,-0.05892692593261484,-0.4132626399032363,0.33741932644385225,-0.5653562826877074
19,0.4624424339207545,-0.21162577348512754,-31.307877043864266,0.6786838188896903,0.34727529856229955,-3.31706444785803,0.5587162809112522,-0.3480713939192183,-8.036179336633154,0.4936083656779277,0.36483646207838544,-1.2906746202423562,0.4842116720246344,0.4603282624920404,-6.682823206463002,-0.6597214558557322,-0.8902226088149331,-79.4984651248792,0.8627350789952747,-0.36708181463471945,-0.20895441201568588,-0.29685042574291115,-0.6875255873691198,-13.325730539910104,0.4802257711685195,-0.7036653361074073,-4.844630636627421,-0.5263278171110769,-0.707815826280405,-5.080510030153041,0.28419926016157177,-0.7219955611420384,-0.17710901177675353,0.38230183279143615,-0.5495195096501811,-0.6128459103981756
149,-0.5348632686978199,-0.48203661013599364,-50.49361180744498,-0.38340154885631156,0.002445546914373479,-7.690733280344034,-0.17429255443093672,-0.13271318430839515,-40.663822022153596,0.27286993016218375,-0.1831604391482018,-47.932343381437036,-0.629489462218278,0.15027010334905788,-13.194755214861466,-0.6105128854428549,-0.03355730740666225,-158.46957801656936,-0.18718312438903226,-0.4934592472278871,-0.32348505090030244,0.10668472069178318,0.30814067497775616,-0.810065370466603,0.263714216443798,0.3809319236884023,-1.440280909581901,0.13736399034096428,-0.15774691854031123,-1.5302709740861884,0.4618358933851647,-0.26441727475405796,-0.005511897119215847,0.16701133995960946,0.3038890912033001,-0.14350366764666767
24,0.7725465626720348,0.08300816126314327,-9.259366506936829,-0.4409502198019402,0.04214583180303898,-46.18877354621361,-0.6526365442973766,-0.428575655249673,-28.832764354767846,-0.6752989990543565,-0.40057547698587287,-27.18942642658348,0.2527639819557616,-0.24474972319517954,-11.654673554583692,0.46780948969183705,0.2908088922572144,-117.67010790663119,-0.1408703337085248,-0.7049810058862791,-0.9524598600096255,0.6405085405445523,0.14529745477160194,-9.718474648977793,-0.24059082277191202,0.5189889682902614,-3.0410055765971293,0.5437832849221867,0.11116325001155014,-4.068801021155494,-0.43774154779334024,0.6922038069020178,-0.23320230073866355,-0.7116134459528517,0.17890371928258303,-0.40980246917187024
25,-0.7435813017191081,0.061026875260251086,-110.15186991245656,-0.441474702273357,-0.200546356960194,-23.169116784858417,0.5621742506370859,0.5537251220804532,-5.931158879053157,-0.18248383432759957,0.7366410669342552,-4.232252628747517,-0.39429117840272565,0.0322803858868111,-21.814129662053112,0.3774193340970868,-0.0065448741597106406,-213.99512543160375,0.21322101389638207,0.49039334387701405,-2.548622355357736,-0.6209909421178387,0.17250564393693327,-4.73837605516702,0.36384054916382197,0.2645545034036889,-0.07296173032719366,-0.5044961680208779,0.6857564186799621,-2.1450577101775306,0.07218625235514438,0.6339901222359172,-0.12917441678485853,-0.6540734144553854,-0.12313925966355829,-2.1864643670155317
27,-0.57917325913284,0.25273523051643954,-93.10944809182635,0.4099376484135572,0.3532256130864899,-35.3017466186577,-0.2566804901820959,-0.17244703282842036,-80.21122579446319,0.27781120670332804,0.9008799570805983,-71.4096198701077,-0.24143720376468808,0.37361635386500375,-7.703473320904621,0.4134501921245649,0.21053946916987662,-67.65570143661353,0.31218657068924605,-0.5380518443381607,-2.0013149156796857,-0.5604747405761276,0.5629574786670335,-22.621667172344882,-0.6461626234073177,0.8126231663587214,-7.349731399571098,-0.5730180524157529,0.8802113076045972,-5.642289369790905,-0.5045992367920625,-0.6031319895695981,-0.02898391577716042,-0.4091627501988495,0.46243878025171736,-1.1252602679789998
28,-0.23377699193897128,0.49520712308760967,-143.2813389341258,-0.6190404224340085,0.6101331659339048,-57.8752966014535,0.3593493656407948,0.04205409484958868,-89.42951715183503,0.5168622525518751,-0.26775402064632736,-88.68514539142095,-0.14512251162268947,-0.049764822136490985,-8.094960480035454,0.2966151366143819,-0.5519993926812553,-114.19653962508599,-0.23412928582068848,0.27922893122944503,-1.7318862415974081,0.3613517540560799,-0.1730498000391662,-24.532808866564014,0.15629435919290594,0.3249006664491244,-7.05648487672385,0.47653866788904164,-0.046407288892150546,-8.026473086080223,0.6240874095880474,0.3210289062970854,-0.1337143652656161,-0.7311468190947285,0.4824410592115493,-0.5335419630419231
29,0.22999807746214782,0.14188595209826177,-17.940449031224716,0.599130880375926,0.7379119135688308,-18.190096494833654,0.12532378812811282,-0.00025228590503537123,-0.23291216532254566,-0.6398800194908606,-0.8704463224717747,-9.282205094042837,-0.7079736487162099,-0.2073381344039366,-13.939229437444183,-0.43054073696942335,-0.8242613800705655,-164.02947018553414,-0.6442186542217453,0.8858486817616177,-3.0491532323217854,0.5153232505500768,-0.8774504659554956,-23.096850282766145,0.5969910212186031,-0.9003350490797337,-4.026756927416258,0.688074644055939,-0.7665530190455745,-7.95231022068516,0.7049748316035407,-0.5437488005025984,-0.015316301220359319,0.4819522290164755,0.6087330659097459,-0.4252246424053787
31,0.5247642904951312,0.12942928631907752,-95.63567952478093,0.283170290483329,-0.07280654223033646,-6.678694307168598,0.2014719111819672,-0.29756960363375895,-28.53684395404065,0.07610332541073164,-0.14388898016004464,-28.068213178895405,0.7019344192548554,0.06375416327626728,-8.392940709232175,0.23836060669192394,0.3876724931775202,-143.904568799489,-0.7523624572101307,0.5570618250892942,-7.949554426345401,0.2824077188515517,-0.07416008634349264,-14.517059135751182,-0.46227240412533993,0.3369847490058304,-0.9009438901737994,0.2541732667942537,0.06697761231950179,-7.428415283401437,-0.633069778630632,0.45390085463321195,-0.11726205254444311,-0.341149449311215,-0.4859772863501792,-1.489056631756986
33,-0.8104632652747324,-0.2549058352625004,-10.828264085332023,0.8035478834832993,0.2891173016609516,-17.868872236266085,-0.8221029107388257,0.6884650339388657,-6.449631974844351,-0.9430445700281168,0.6978554163498896,-6.040967938837213,-0.8193168517517098,0.5687348702544934,-7.434648202725199,-0.2605590430162859,0.20466702422253835,-88.63622416918423,0.8071453943072106,0.7360549516165168,-1.260852025402329,-0.9475834271456334,-0.7728916922269027,-3.578132856526299,0.567901320777501,-0.8616905551267402,-4.627327665084174,-0.9309994207599785,-0.8674125297379112,-4.943168074480543,0.5668542758762155,0.24352363188088033,-0.06323931191812071,0.8285697264667387,-0.28300592147393083,-2.420607747827324
34,0.1065408581068298,-0.05195776652661198,-43.93281382241963,-0.2659065357308655,0.43756886947921614,-35.72859901928007,0.30199171938527747,-0.08209120195607622,-49.97707877601057,-0.3836628635315035,-0.4207031244341951,-45.820249478594505,-0.6233565745247301,-0.6208139795806449,-8.725063566360456,0.6944261498570048,-0.5366555091645192,-108.65368691789658,0.17711746436474818,-0.25938851395365475,-0.8842539576401123,0.25512564483251055,-0.13003373642699165,-9.976258075814748,-0.3950101216578612,0.4193570398162199,-3.1935853645593113,0.3766034020805039,0.19601039394791242,-4.291340020060179,0.1558880188750439,0.23115224314393276,-0.2189633981309005,-0.6266495746569438,-0.4497033953281491,-0.9816762606745097
35,-0.621210254606919,-0.37921285036302704,-12.868441876147017,-0.479094864669712,-0.1616297483560711,-12.388578148363138,-0.7679846468553366,-0.5464915371085323,-6.809018247811338,-0.7309273613451739,-0.42574476366037006,-4.874026926076425,-0.48948806692703795,-0.4373171331846416,-3.1848352947385195,-0.5132460287841529,-0.15356961230133134,-36.42626595364163,-0.8026003190807952,-0.21693660059319453,-0.28935382693897793,-0.5382907356023005,0.42660571849995255,-14.574809529673225,-0.6850416120919316,0.5371423483477209,-5.357506998317113,-0.44753902294974784,0.09571256631005955,-6.640188951630396,-0.6221151005227774,0.7293663205331788,-0.025472455304003216,0.8317330532019638,0.511749667309295,-0.24415081111200898
164,-0.18838765940244256,-0.21503361202750196,-0.5523522803852643,-0.40911548663010744,0.2841187213134084,-21.61061638829274,0.0364496583905874,-0.6298817872428785,-21.568060677221013,0.16140128544706098,-0.6471412899130295,-16.155399417332802,-0.48100366389566285,-0.042823024390131,-0.45002411018838373,-0.7678544643918835,0.46677065684235614,-92.07362001700318,-0.5868843302659775,-0.0409651500145301,-0.2280730822265724,-0.4796696925496028,-0.10466787105657485,-2.7174866515297573,-0.86332727345024,-0.7813533430006842,-2.686206971270984,-0.8844036579817537,-0.37153510577390186,-1.4136320695053541,-0.8416636751820028,-0.6071776967238928,-0.05234053891532675,-0.8171271384979897,0.35516845872664315,-1.7011044143535026
37,0.47338776998418747,0.4460058821148726,-38.17762793418467,0.49105070586508726,-0.008450453734795773,-24.6713194682996,0.6822342460611358,0.0168913526663974,-19.83090214820899,0.5185540503513922,-0.16821900271125032,-25.487955890772383,0.6573958286155169,0.39771593135450517,-6.463792754669377,0.7824192029565251,-0.1290365613329986,-41.61001108538909,0.4528200459401117,-0.37399140278294507,-3.2809905658028953,-0.5934560455338221,0.014350653087318031,-11.387231133680167,0.26618179071803,0.10000799067313536,-1.7323128718293361,-0.335434974741666,0.21312827602795562,-5.247867904645739,0.5157892719542774,0.4155841667117826,-0.15386160688356187,0.2549912890980728,0.5137586360101791,-1.1736036864171862
165,0.29009890082656814,-0.7672705711107825,-85.37460192253616,-0.46623355477262846,-0.6837605650847759,-50.56267730865767,0.6108884249622891,-0.5759581033556498,-71.7481197054749,0.6233635621775329,-0.4938880436788927,-73.98111590414398,0.6521880167581537,-0.35598198433401745,-5.968617127860114,0.12058670673502829,-0.04731842547478172,-104.68685286245429,0.6490975741448322,0.2529525120325472,-5.956770613107835,0.6393794781705495,-0.014915821925115405,-13.516411054062225,-0.45476061040327537,0.2542992014550225,-9.828092059904826,0.5323590143597613,-0.10138174152562585,-2.4088246753246727,0.1647508332489619,-0.20855235424779503,-0.0002091044480778681,0.5668740325256972,-0.006975599459026519,-4.456267586409492
39,-0.5174018078034094,0.023398509823533784,-154.87588567460313,-0.10069804830116588,-0.06717426489838849,-70.4692557043651,0.606081851809432,-0.1954727155730629,-113.15262155257938,0.46857928004402505,0.11886089470842207,-111.6203683085317,-0.30308579770074645,0.03054810005692153,-11.759401879960322,0.506096928608934,0.16751091953519265,-225.13748389880953,-0.5960860978872575,-0.2816595544385562,-1.017223640873027,-0.15791894829578346,-0.46140180738926906,-12.299013720238086,0.2485656203692321,0.29721881441334186,-6.477256453373002,-0.15437203364971985,-0.47443827301352604,-4.7176684375,-0.3016148047323276,-0.3667202941217506,-0.05719543154761908,-0.15752752420997232,-0.16146988413654637,-0.8046235413881622
166,0.34127009767065214,-0.10769167206172267,-42.40946508254177,0.6999399892714573,0.16922776560166408,-4.471229105117686,0.5409444580210614,-0.2871804925446379,-12.288883086078556,0.450790998077127,-0.2981655646569082,-9.644885950422008,-0.20877162225706214,-0.4300709530325375,-3.7600997331554424,0.2821634410889731,-0.19249274890644985,-22.02836880142314,0.7082538768692725,-0.42017464621254685,-2.0517613276576014,0.3310414251716713,0.5126949914721083,-12.253419343054105,-0.5452421254731464,0.08354129827497736,-1.6726372767029787,0.31983591811653955,0.45237473308704645,-3.758044161716274,-0.2632252762050219,-0.3625405442434706,-0.011753555280239913,-0.35960506569187484,0.09826562146880152,-0.8072998006924212
41,0.6270409382916297,0.6035670302478952,-99.50590941587882,0.5011779667797686,0.34489338439156747,-89.2249646729698,0.5584832649111775,0.4952059117397061,-101.98295651340503,0.3002174551191407,0.789897596965773,-103.85992327936793,0.7529491333394965,0.7834167469120402,-8.783234808962572,0.26463333952250573,0.4714538461774192,-205.01729673358375,0.3229843417107784,0.41070193388803944,-0.5273643621292621,-0.2605939824761556,-0.6047354216585001,-13.186245330915686,-0.7275069578584797,-0.3965047905172743,-3.2666733480119206,-0.41593557490978184,-0.6021464730037266,-3.562347286620902,0.5616492254511322,-0.4889596510122426,-0.11759050382074876,0.24502214784314108,0.7842911812740689,-1.7109968209481075
42,-0.5529404404107212,-0.17989229728014164,-16.140307847401544,-0.634540717548389,0.36150133533117773,-12.40046154833641,0.23085222418914997,-0.1007896633326987,-30.621101641671572,0.3508065224355821,-0.7672186469393402,-24.85868770483134,-0.18842709296320298,0.7332919111117059,-10.080745971334935,0.12329109578402146,0.9295589475782651,-242.5063205639376,-0.7430160107933281,0.823664071039909,-10.220699907873069,0.6894721950778306,-0.5285431645513868,-13.72225140078233,-0.897030147749076,0.8283073321517903,-13.000705088124683,0.33800509028332754,-0.6495406713622541,-4.138521287360487,-0.32257704134148435,0.9079467715049847,-0.3515947548064578,-0.7447512828282554,0.78097897796243,-3.821115254389749
167,-0.5616827907528092,-0.3874867541472357,-103.91835605894244,0.2973962054422335,-0.27321531300981666,-26.519539372849778,-0.230884102038587,-0.2730132797358477,-66.94912407867255,0.3716078744779512,-0.3055305087438667,-68.68008740012502,0.3517152394938416,0.40711973919979466,-17.57917215943963,-0.701318353527186,0.014423739015952735,-170.48839143679226,0.5410754230644078,0.21751512499720868,-2.0706103087326966,0.2103275504160572,0.5770269962898248,-3.86955088205319,0.21446297354889254,0.5706692951302346,-3.2027085198511003,-0.18401560270089792,0.6398059559796111,-2.575580679853825,0.33296184828295344,0.3870446151693168,-0.02161776381357794,0.5754554835788632,0.31456020607879215,-0.9810363650398681
45,-0.5993095477669232,-0.8864941419146147,-167.9764802621023,-0.2984369085215488,0.746083026158563,-64.69467032250385,0.6289220791490824,-0.04724430099293799,-106.80240830301182,0.8444573762277128,-0.36811059864648416,-100.47085298151725,-0.8716394419611263,-0.833157427845787,-16.854229127309043,-0.6247460867923094,-0.8902767297599907,-288.4230447033492,-0.7529177820519928,-0.40909714549650106,-0.9437987961098742,-0.6394556446401196,-0.10425723528032456,-3.9704187322405566,0.2384643010490215,-0.3557494222335256,-3.3981846879253794,-0.4041957994295837,-0.1053751897838421,-3.1646240405368324,0.1138962055105008,-0.15235493283585938,-0.1398788708483647,-0.3089472820578016,0.16404473157905894,-2.768502900910377
47,0.31826580628135426,0.19464570483455101,-58.63012286752962,-0.6838032680512063,0.1976639595323826,-28.527061566049042,-0.45924494602890065,0.7512098528198137,-35.48661553800477,-0.5084516068407585,0.8157598099117146,-28.167112686545266,-0.6569353569644296,-0.5521083991562322,-0.1622695805120884,0.6598688344534427,-0.11579233860218471,-88.10592769933277,-0.5217730215874385,-0.3221794824600898,-2.328759277042323,0.24584968245731856,-0.18153982971842877,-23.128232859396583,0.39172210757039033,0.1180241953934579,-2.694321489814115,-0.18120060612019553,-0.41066590230591254,-5.563828143219699,0.3404306143691431,-0.42686723139766286,-0.00705243353943541,-0.41541495842580056,-0.6876671583053054,-2.5836295793228157
50,0.19583667734767585,-0.5354797481031285,-67.710998795444,-0.3265078295823082,0.19300849445434115,-19.74700365097724,0.21696289491840753,0.09766558035988289,-12.244425469430396,-0.5520222474580542,0.5354231855226714,-3.8773033082651125,0.5202980251176448,-0.3231889577827294,-16.676952478667104,-0.7151482160095651,-0.003775807311927948,-109.36577339423624,-0.6399840422835908,0.048564878666517576,-0.48473621289727475,0.25605852433866605,0.4057820896440788,-8.65032176568721,0.4953975125046739,0.8078260955627368,-5.209287467820779,-0.5060512185105629,0.6974744949912691,-3.0588348106022263,0.3540216911903669,0.8722125275648498,-0.13651439337813986,0.15614595948465063,-0.3083924434615432,-2.5761715570286547
51,-0.3257900924537561,-0.6547876104025996,-21.236695939216986,-0.2576964382322649,-0.5852251601048982,-26.695881619162108,0.4899071925890071,0.05612963793843629,-30.37436820054944,0.17281018819027608,0.3436895077294713,-29.195870300521065,0.3581235733282291,-0.21362562496965698,-1.4017249570741726,0.8972688687970272,-0.16112735631767638,-26.802980820741737,-0.24740616152773334,0.011766363157869521,-1.4254664663461512,-0.395620120533763,-0.6844878571106107,-21.1834245364011,-0.10072404355608226,-0.3788968347222193,-5.243103451236273,0.43366659604030927,-0.1948444432407213,-7.656558542239015,-0.24755803522305944,-0.6515158746340105,-0.17046747939560436,0.3838975198612845,0.3045933947844694,-0.4088596036764489
54,-0.32772760738514045,0.2836834733031469,-15.128763769646241,-0.4425889937775788,-0.7362563082081139,-57.95059803081483,0.36406571336842564,-0.32642641254138705,-37.82502097994879,-0.41012586167655507,-0.5638099622541322,-32.34294348405356,-0.23107216036865091,0.35202218806197383,-4.2175638105557525,0.3522537668576249,-0.5993511308660071,-72.34086580019562,-0.6749909262233985,0.437426519914422,-1.529683106027548,0.4321465739875592,0.2827739404839328,-16.362358240227326,-0.26423595800947997,0.6863969670728642,-6.66086230077341,0.41390304854991317,0.4136954773233834,-4.914756311951663,-0.45106605422976026,0.7695513877340912,-0.12718166037360346,-0.5508165473748907,-0.4877911249931909,-1.3036279282313465
55,0.3716585664939747,-0.5380780687909699,-17.132134598880327,0.43589546665669127,0.01897432109306411,-18.73214512489696,0.15898929373435003,-0.2955498279844019,-10.479079780613233,0.2739437290735148,-0.2946361986674396,-11.223444650316878,0.6708034740643668,0.287018303379365,-2.23787600102305,-0.29118995878677506,-0.6293920053961514,-95.7722286882686,-0.29218754330497115,-0.5305694173001999,-0.411094137372487,-0.23013579916776056,-0.4790594754523919,-3.0054608485606273,-0.24387426345821284,-0.7117665957450384,-1.3112064622467159,0.2556514069790574,-0.6005702378757969,-2.0956022279689677,-0.5810605896226178,-0.8493198506789651,-0.05262267754127725,-0.14186446647610781,0.07645243761947576,-0.8376284952798176
56,-0.8087179927274888,0.8315968221654892,-61.420675160959945,-0.6358725795736871,-0.7980322722273875,-55.04009001989195,-0.6453712068004914,0.7926584946718532,-60.98448695252998,0.32828175034317564,-0.666722969762012,-67.01883276639319,-0.867858490435361,-0.796182928931321,-7.996280747183938,0.7022209537471823,0.8884405132134626,-69.41825828929251,-0.8510161998129384,0.5267355486889569,-1.7828660177262208,-0.6371817831924831,-0.42799583313064654,-0.7371764145058144,0.704052280134563,-0.2976923852440541,-4.807650643251449,-0.873923129901239,0.2612869091147438,-1.6841039913370022,-0.7005755208064703,-0.7765249175224677,-0.09190357701950336,-0.6976309765200662,0.6722472683655443,-1.6960565029597285
60,-0.5692858818811661,0.25197596063219335,-24.708189245762895,-0.27353629774652766,0.25081579228366047,-5.6751145479303915,-0.4087371292011661,0.64547373332596,-17.073877686871185,-0.2845357989024691,0.7728950703856295,-23.147691507798953,0.2494287168492681,0.4361059843639047,-1.2683648292781697,0.706722476723965,-0.3318425527884348,-21.5136092135767,-0.6357141833846176,0.7836493553343407,-5.380441957955398,0.38715473924802196,-0.2002455166647722,-6.216182183933917,-0.5270426029839596,0.3727284719657439,-1.2560372448175556,0.22482706214017442,-0.42811630972874865,-4.69579740147201,-0.7430720069150947,-0.7556391512150727,-0.1158736917328772,0.15552406112776393,-0.6293632678562604,-1.6283095540458792
61,-0.3278877801412592,0.4051511980478015,-22.7645632800714,-0.3802198301410723,0.003863807851723374,-41.9639397345082,-0.509896056503676,0.39094473733980434,-48.542144313537165,0.5664026815813041,0.5439873218553586,-60.65228331306213,0.4902538767105636,0.43111659368554134,-11.414385697970008,0.48711493597807626,0.45966370521155553,-131.9502726456917,0.5894685504576898,0.3738965318876489,-4.789822236374377,0.1806517729645018,-0.1677686171741218,-3.5242975742421763,0.4951879507783208,-0.02517823185902587,-3.915046406255712,0.2520174577448039,0.02490501632278504,-0.09842143039844409,0.15540927903132748,0.055512592479895956,-0.04738117336312231,0.6460938469845561,0.01800092521976041,-0.8694359688762638
64,0.7266433808961853,-0.1680560286453253,-31.220456065722715,0.7599905249153049,0.5134824362076436,-21.143256665986343,0.5814014241745952,0.033278318750214156,-2.5737879641140466,0.421802609733459,0.15567090866218497,-3.5334134674261577,0.3393958246425264,0.7329195814337908,-6.73238803740745,-0.46975236914485,-0.793627354912295,-22.324997444009398,0.566828717951605,-0.5813235319452338,-1.1334033084074093,0.4806140166324183,0.5018575091875398,-5.117441119440372,0.7499321048084432,0.5311266448918758,-3.4596342614068547,0.522849532391801,0.7817366743401012,-1.9756684541591678,0.8368315002797735,0.0037646979410873214,-0.015203124710073568,-0.4120814498368015,-0.5946449981408396,-2.7136605900714628
66,0.7426455084651175,0.6350873954282907,-41.538722185707854,-0.7662346599437065,-0.8334862240018696,-7.306893859140416,0.8087635284759708,-0.42585694395551327,-2.196539789934903,0.6497999727125661,-0.13092208664357446,-3.5860761131516057,0.8595055051318516,-0.402069328525409,-7.503731967265933,-0.7907348711810777,-0.8762131501946567,-34.02181171467228,0.7357222792953712,-0.5222608847114248,-5.510262091629613,0.6264961491970695,0.037204736035861136,-0.9260958695792318,0.30755305781998926,0.23436542203344207,-7.549024898511526,-0.7121653577111466,-0.4837748612154681,-1.4793234229009595,-0.48887860154798846,0.655593161176391,-0.09804439719054048,0.8728024448961569,-0.35768397909803706,-0.9701717481781245
67,0.3792255945673792,-0.7030269696556208,-38.67513619936358,0.8832628679613649,-0.5129135213702393,-1.1234181378252828,0.8847301817469442,-0.7798294889697195,-16.340678823792302,0.8341317812929188,-0.8469187309428693,-14.750622933892288,-0.35599872123974796,-0.769722679202537,-8.285752452359116,-0.3594692417741815,0.5225928588584634,-26.383834349209792,0.5727970942681929,0.06356738935890832,-1.7300010788068363,0.672385099764181,0.32879974769188663,-20.148536690991193,0.24141283387203036,0.16920468863834418,-6.264904317539084,0.47639929949221876,0.44090285037803184,-8.401334237476204,0.33110378408556596,0.1265742239196638,-0.1311997256748323,0.8511666152228222,-0.02517048051221496,-0.1377745327708073
71,-0.17600395698266477,-0.2315476963355765,-99.12787320097218,-0.3360393802165621,0.18395915510949037,-55.54753207526559,-0.49671871831773073,0.12238964105561587,-74.5886942731518,-0.467683772781101,0.034282432339937614,-72.53706029439878,-0.37694177601964374,-0.12763550503724497,-8.291574842286371,0.7005310601272874,-0.3913451506470956,-150.01622115957076,-0.5569806103032485,-0.06942633005397168,-4.938862965289346,-0.24576669256625056,0.3193511641639816,-10.167080727530923,0.5317594104250702,0.3142553126844049,-7.53149486304175,-0.2667161599944391,0.4020571103847095,-1.5742004915749517,0.5375276372556654,0.3300374426059684,-0.18250272277903723,-0.5720703881622213,0.03427325684825515,-1.0346883695091442
72,-0.6439004590271881,-0.16502921803401746,-11.23406179479258,-0.33476919715237785,0.3442638741370801,-7.806134993184202,0.08002184967961411,0.25629291961584855,-26.14023721500203,0.158447471283296,0.19348571940270082,-29.718590100461654,0.2522873923916721,-0.13364338098925457,-2.8816574510006063,0.1699354836464781,0.4655158812845727,-68.06690068387223,0.28946653088714863,-0.498516654211369,-1.0670896517601847,0.2869021508916646,0.4431717385331696,-9.832962713495306,-0.4468006389989824,0.8031805541988714,-3.942218295015877,0.45954932731037634,0.4837080078578146,-4.970377762122407,0.3573020696231859,0.4397586481061431,-0.13352242917855128,-0.4731975056965195,-0.14797690409868247,-1.798471414707091
76,0.29097647071397387,-0.4750307570356934,-18.62076520994458,0.12330442936791398,-0.1511919314498952,-27.79204815046208,-0.2856993595575681,-0.21074160638468986,-10.330385300644167,-0.1793442109756645,-0.0007845676827313359,-21.211434124351,0.6047798231863911,-0.1612551327350717,-6.232261116616762,0.40846497835439977,0.17899613499302866,-268.8947130038563,0.3628846612204691,-0.18546917785639616,-1.0588096494818728,-0.4396176841581503,-0.26075290558054814,-7.214588329706785,-0.3032509702387197,-0.059540572271767025,-3.8385558685395367,0.07467740656060341,0.11207684906862224,-5.0941443275093174,0.23538599920048778,-0.445337619124562,-0.08855245384234212,0.6045829455753923,0.2546408193352721,-3.4613965608055457
77,-0.47760058691013263,0.22632484408196726,-37.797371867746136,0.16504812262007892,-0.49259140763927417,-31.611729617926613,-0.7429827326136476,0.3177233026393863,-11.857527714259803,-0.41878888749742355,0.16794663795379275,-3.502139576300138,-0.4099241498805,0.12257104052930819,-4.6837428450396175,-0.24519398971100678,0.11227676768632652,-37.4873045953411,-0.4429031600336391,0.1932200825673334,-0.025120092055047394,-0.31985804907574683,0.07106468836258842,-14.243340667320808,0.17342481518661193,-0.2926196091378056,-2.5920613233139704,-0.27235467151209275,0.21944860256230034,-4.0169093337598305,0.65535910478404,-0.11913786813066767,-0.13209389521187143,-0.1676182575468355,0.330891066274083,-0.40815108912284437
82,0.6708393213980995,-0.29692567111381296,-43.24733850158958,-0.43842353730530076,0.1452559422266321,-2.2676633407594977,0.8560154930011801,-0.48253512735521537,-13.134573205837455,0.7204516268521298,-0.3854819769183449,-9.336110435805693,0.4628245064087355,-0.2808583048224354,-2.3465706876267234,0.4734862608727563,0.13113743616464021,-38.748119065153105,-0.302151036630048,0.4564894527692485,-0.15846221932964966,0.4572683672366798,-0.09908331203458506,-22.9445751483141,0.4126367012190178,0.7253908972054599,-10.03023540013519,0.7413697400786723,-0.053326997486791566,-8.244455460712407,0.633530858145159,0.614656908993758,-0.14455446193897226,-0.4651870431200471,-0.10307634489782105,-0.42690481791640345
83,0.7386719524816887,0.28099876525912393,-224.0027283816425,-0.7097986498435422,0.33667917331675096,-38.10068417011733,0.690514349826658,0.38471763701549966,-77.76067066942721,0.617272780121047,-0.3477266039816507,-68.7635842563837,-0.4263085285053389,-0.006866709909065982,-35.06682667356798,0.25676662532976,0.47975088584886977,-175.95017010869563,-0.7831677558396667,0.03637550385481518,-6.465573128019329,0.12700411876127063,0.455475503611478,-25.34284132160111,0.3902912036828209,0.006798148834069601,-17.4079778726708,0.08125779010501183,0.16846599596860035,-6.792673852657006,0.515974698505417,-0.244659196152673,-0.3937328761214628,0.24823772208641787,-0.023914759485587026,-0.3675992358977638
84,-0.347587855454926,-0.41051900491527826,-51.27613759154758,0.3594535726353729,0.1062696667422347,-2.392792028997917,-0.23806111909908323,-0.42619043705924575,-4.76475717087169,-0.47320748509373667,-0.09652281903036901,-9.01449013487013,0.33128918413547,-0.5699136170821537,-5.446957640830377,0.29302194915825425,-0.06819931628322583,-133.55612588260186,0.1747928957267629,-0.02817628168690623,-1.1707836532139595,0.32592785500811394,-0.054399430781228636,-4.580779050820713,0.21202573776120046,0.20443509286404477,-4.73729682291934,0.31848610256755305,0.07807592986908596,-1.6679449084952758,0.3364059156045348,0.08873905809016013,-0.145632048665306,0.5498913339736854,0.15972882530610857,-1.8480692117944617
87,-0.4614175820056803,-0.6510187823406315,-96.37278227259748,0.3983987223632414,-0.4689171615998039,-70.59548839476508,-0.5838887952579844,-0.770527818329084,-67.68803996100405,0.6411392229330578,-0.04890159472881512,-64.7435170705768,0.12310632022937634,0.22232659345487502,-0.8007454332391184,0.16347129374945624,0.6637579412687,-85.10706105426937,0.19454365912963176,0.31336402822830206,-0.6688919142482916,0.5566235634100042,-0.8325212894874437,-18.17717142463244,-0.42067194111035094,-0.8927663597695609,-5.8842268264581605,0.5495060790191733,-0.7173460429331876,-5.83911984362229,0.5259141458755353,-0.3850453115121299,-0.00935873322238534,0.8499859078959181,-0.29129364163397214,-2.5074068392134885
89,-0.40921871201943766,0.860449929589972,-130.3355304486008,0.1791647343564714,-0.5142564107012896,-28.17726489527125,0.6605142396711398,-0.2200541363992021,-65.46256836738178,0.5012819844280675,-0.32210632823601004,-68.21537052581292,-0.4420106771620903,0.807598479186617,-14.133169325709602,0.5524882808450199,0.03951131814483246,-156.96867800964174,-0.6584238470216295,-0.7774740965270636,-1.4990390594153382,0.6907004312421642,-0.44526055090132716,-6.611141845828456,-0.457786457075074,0.3625436126290741,-6.521951016090746,-0.36801884651045247,-0.148645758826133,-7.248238457014548,0.41579544498751275,0.07890304636540554,-0.1127596771127326,0.16571531530605,-0.13764371847211196,-0.7581772467061114
92,-0.3001414539746466,0.6006566948759382,-29.445950199053527,0.2678805400199715,-0.7852200821229063,-15.411280595765703,-0.4292077424953427,0.2862228030810606,-6.067653035164312,-0.6441283544258493,0.14383378327120155,-4.569761768840323,-0.39295061168831125,-0.802263887560574,-5.73927584208775,-0.6906083900468268,-0.8255336583725386,-80.36203529310768,-0.31330153898805674,0.4643075483864859,-0.15570367310147049,-0.2837619262885698,-0.47883281904397135,-19.615694337436025,0.6517884600872283,-0.7978030645826395,-6.590869955253211,0.6445394953015642,-0.8249879361365476,-5.792755577255313,0.6281361279172987,-0.7527390294688755,-0.12729612301617133,-0.5975390905739381,0.5975012443543355,-2.7233361479236997
93,-0.3993524871815687,0.4111675839809491,-118.38207423299818,0.6729046731500362,0.20851419898367982,-51.94001068078347,0.39053835504675666,0.39759541925207875,-57.397889540198264,0.6204365392999006,0.6350712785285444,-51.317665110624006,0.4458762238070749,0.2451260631232943,-4.039926144179482,0.3876655859119927,-0.3474931958328854,-89.6522297810595,0.18579074755140423,0.34918525098384345,-1.5356426219615145,0.7172719819314687,0.31083752494624595,-16.397859507982858,0.7229958946637502,0.28241149306475666,-7.247100320379133,0.7765162183507833,0.30509523039291025,-4.623835563858396,0.7550284240236019,-0.22488396822082923,-0.14972120359605612,0.20688303499269886,-0.09493423475609597,-1.4198853509162426
95,0.4134232517114171,-0.44828148855528016,-3.2863793024099834,0.18054191571303999,-0.15213255249236343,-10.441822201995322,0.4063238267001863,0.22965102081035235,-15.818064042053848,0.4590859771336847,0.1850420878296605,-15.98104292310758,-0.5298167971710361,-0.43629094492674825,-3.6747245383746083,0.17234807900755003,-0.3284033245909298,-11.943678720999742,-0.7351733018298314,-0.465965227234749,-2.6792836228452757,-0.24596205473570476,-0.6307781278376917,-13.081326448795501,-0.7031929706181128,0.12399330486214001,-1.927016925838231,0.30497879268982014,-0.6445250262165731,-2.3089830332533925,-0.40425342586154106,-0.30072400592240195,-0.12583889261041414,0.3120386144541359,-0.13825441930291346,-0.8935840816963001
96,0.10942808742354754,0.5983669714123413,-37.502502904612186,-0.10194762437982721,-0.40363558956065543,-21.73531995626415,0.8837182543953115,-0.5568410934474346,-23.195346295563752,0.6766557451489904,-0.6113781725137662,-16.60725824603196,-0.40580704496921666,-0.21517281742846975,-5.6003504513594144,-0.17122531335847924,-0.9091406142373989,-156.80666711854462,0.2832799636318272,-0.7130802233542711,-3.0866958583113586,0.31248400454194325,-0.19238649080081557,-0.054862107588441233,0.45951337678505916,-0.8360162085343475,-3.762935009578335,0.5832114572437104,-0.23071888220446687,-1.8207551014058563,0.7597571039437812,-0.2931090614458138,-0.0010754532484097412,0.5098503025152884,-0.6177076124605148,-1.7019453301112515
101,-0.4983966091275384,-0.9013050648738071,-144.22539943463156,0.33657262057739884,0.02932131205742588,-66.95168106570098,-0.6776135231840744,-0.7073763857696369,-92.27899842953218,-0.6156269943657133,-0.7116089573375652,-91.38256826915975,-0.8415121716668807,-0.8651603955567525,-12.881101341364271,-0.8690265717543225,0.1532033762780551,-58.90520780984406,-0.5756205092384203,0.6708633008618936,-2.5945727126598257,-0.6228509228702169,-0.7545476461174129,-17.096890372108486,-0.6220670491024021,-0.8250758518743113,-9.893752475796312,-0.7499374723848449,-0.6819002598607005,-9.767506845392058,-0.7931755208736943,-0.6835996674285364,-0.12829202387111083,-0.4804684233122304,-0.30082819170806235,-0.2842041462748721
104,0.18999351928183078,0.17006613316498886,-12.334864248080635,-0.3549350145256979,0.04457933034164259,-14.268073837121804,-0.2670988329862271,0.05559045486242372,-6.559652426112649,-0.27776440314932677,0.04252860886963661,-7.577500085302773,-0.24423692022078547,0.020816363018277554,-2.0542773044307268,0.19780810137934643,0.007124840644621449,-2.105701982036294,-0.4632460881792226,-0.43562779126556106,-0.6844108334587986,0.2715053771370524,-0.10398710260499144,-7.019844282201827,0.44922083869855917,0.11564557246572597,-2.012123518490654,0.27991708846130375,-0.0026932147889956125,-1.8967283606804184,0.16594356706743402,-0.32025975412275465,-0.053020773746801475,-0.2939825838030867,-0.26632265972470465,-1.8340730733807291
106,0.4565696849630991,0.020391908301842347,-8.15708955575451,-0.2615802252646958,-0.4608887292812899,-20.69577729172417,0.38956997409728583,-0.3776430619055944,-56.46658447798961,0.2171953061734935,-0.43847846795001827,-60.68767994939057,0.14228493194941358,-0.4248039986271395,-7.254636816991848,-0.5128125855084004,-0.748842270383996,-122.10762789304721,0.40851020415004724,-0.47885354534276553,-6.9221566266681975,-0.37193196230030795,0.03522999608608247,-1.8852691922013065,0.313003942086502,-0.6990205283896562,-4.7306626668192,0.10549211810420397,-0.023820182788627783,-0.34806717186332925,0.6446339764110374,0.3490499234170803,-0.0376025008580716,-0.30514785312237724,-0.29181664411460356,-3.4732274986769767
107,-0.8300855399252777,0.4657158519880748,-113.44654383034597,-0.43028080249828365,0.6065832686708571,-43.29939404106186,0.7666973789309133,0.05486960294137694,-12.492624254770703,0.7768584499357516,0.18385422848595406,-17.644110354282645,-0.4627833480552659,-0.2134599269104222,-20.63913350164855,-0.5273822032767905,-0.6681300348090766,-170.2360928308335,-0.15570347030552034,0.26967020972659456,-1.7598038242634573,-0.6229561957024147,0.3196269298125991,-7.594211430309294,0.6207318296503322,0.3411644480686364,-0.6876081843679458,-0.2681547675755077,0.5868910358626875,-2.2411705374340496,0.12929718190173156,0.4809593338731057,-0.06483087216571493,-0.6839737578290854,-0.36542596739416217,-0.7489259072323584
108,-0.2599920999652325,0.48798681293515295,-13.46716690114809,0.21537569651245927,0.5209673610540337,-11.79860202150607,-0.31084491709255613,0.46778396608634665,-43.64668533139127,0.3267748224992581,0.46027934272809995,-49.25562893997822,0.33433200086184,-0.18747209805214127,-6.022479291148734,-0.3965371520223334,-0.0232808328871659,-55.17671108573197,-0.6625331471370481,-0.0957799836297539,-1.8578590258917416,0.09846225670591569,-0.09865922362959173,-18.1983622655875,0.5377314449281909,-0.020894284808984705,-4.304846707707156,-0.22052462253539973,-0.5042684499622855,-5.7682439986538,-0.3463449927771105,0.821081156090882,-0.191559776221924,0.6660353081606121,-0.5210886920653051,-3.303151805621141
111,0.8932625476780421,-0.8564768470815441,-6.604464545445012,-0.8699304850384115,-0.80629662223689,-124.2175836962568,-0.8619801320552528,-0.7526298012099966,-71.81702224764146,-0.8821151616896968,-0.9366475875951231,-79.19821723982324,0.9306633902985338,0.8217483886641932,-17.46057671763336,-0.8242716233278854,0.6648484480153042,-66.90631505598645,0.7430266745022036,-0.37886933102420006,-7.4007716783326885,0.8433043769231446,0.4677066193898841,-1.2930486404802082,0.9029386628040892,-0.9306354339094645,-10.107932889779718,0.8751180593616976,-0.7834378321187215,-1.6173336096798216,-0.8990228697215092,-0.9534505171030343,-0.2520648644677882,0.8863856367336751,-0.732449455349538,-2.74245365941802
114,-0.43202706068999824,-0.2512257118802555,-67.93322044556655,0.36330136256968404,0.08229198971371551,-48.984154639175244,-0.4633395442412803,-0.3919899266410198,-47.20199355377889,-0.4450329858461696,-0.20798924878766525,-42.70423852771347,0.40823626601595764,0.06492237948446831,-1.608536427285685,-0.05155123721061229,0.30819514564044187,-44.683567267456766,-0.3843120419548095,0.40190896243459795,-4.324641787642889,0.5267403044958512,0.06344413332092029,-16.05430114313767,0.429400061948804,-0.383216026906009,-6.0057379432872935,0.2903270815960868,0.1850015982291263,-9.373752963040891,-0.27192703776442906,0.703428808599916,-0.24558690417747875,-0.4800985393874306,0.3467872329751934,-1.8150497060157704
